{
  "views": [
    {
      "_type": "mv_Rectangle",
      "size": [307, 100],
      "color": "~colors.general.dark"
    },
    {
      "id": "poster",
      "_type": "mv_Poster",
      "size": [307, 100],
      "translation": [0, 0],
      "loadSync": false,
      "loadDisplayMode": "scaleToFit",
      "loadWidth": 307,
      "loadHeight": 100,
      "scaleRotateCenter": [153.5, 50],
      "failedBitmapUri": "http://via.placeholder.com/370x300",
      "uri": "http://via.placeholder.com/370x300"
    },
    {
      "id": "rectangle",
      "_type": "mv_Rectangle",
      "size": [307, 50],
      "color": "~colors.general.black",
      "opacity": 0.4
    },
    {
      "id": "label",
      "_type": "mv_Label",
      "translation": [10, 10],
      "size": [0, 0],
      "fontKey": "~fonts.title-05",
      "color": "~colors.general.grey",
      "horizAlign": "center",
      "vertlign": "center"
    }
  ],
  "styles": {
    "normal": [
      {
        "id": "label",
        "fontKey": "~fonts.title-06",
        "color": "~colors.general.white"
      }
    ],
    "highlighted": [
      {
        "id": "label",
        "fontKey": "~fonts.body-06",
        "color": "~colors.general.white"
      }
    ]
  }
}
