{
  "views": [
    {
      "_type": "mv_Rectangle",
      "size": [1920, 1080],
      "color": "~colors.background.darkPurple"
    },
    {
      "id": "bgRect",
      "_type": "mv_Rectangle",
      "translation": [0, 0],
      "color": "#6a307d"
    },
    {
      "id": "list",
      "_type": "ml_List",
      "translation": [0, 100],
      "width": 1920,
      "heigh": 980
    },
    {
      "id": "loadingIndicator",
      "_type": "LoadingIndicator",
      "translation": [0, 100],
      "width": 1920,
      "heigh": 980,
      "backgroundVisible": false
    }
  ]
}
