{
  "views": [
    {
      "_type": "mv_Rectangle",
      "size": [1920, 1080],
      "color": "~colors.background.darkPurple"
    },
    {
      "id": "bgRect",
      "_type": "mv_Rectangle",
      "translation": [0, 0],
      "color": "#6a307d"
    },
    {
      "id": "list",
      "_type": "ml_List",
      "translation": [0, 100],
      "width": 1920,
      "heigh": 980
    },
    {
      "id": "menu",
      "_type": "mv_ControlsGroup",
      "translation": [200, 50],
      "layoutMode": "horiz",
      "keyDirection": "horiz",
      "itemSpacings": [40],
      "observe": {
        "selectedIndex": "onMenuItemChange"
      },
      "_initializeAfterCreatingChildren": true,
      "_children": [
        {
          "id": "listUpdateActiveButton",
          "_type": "mv_Button",
          "text": "List updates: On",
          "autoSize": true
        },
        {
          "id": "applyChangeButton",
          "_type": "mv_Button",
          "text": "Apply Changes",
          "autoSize": true
        },
        {
          "id": "moveItemUpButton",
          "_type": "mv_Button",
          "text": "Item Up",
          "autoSize": true
        },
        {
          "id": "moveItemDownButton",
          "_type": "mv_Button",
          "text": "Item Down",
          "autoSize": true
        }
      ]
    },
    {
      "id": "loadingIndicator",
      "_type": "LoadingIndicator",
      "translation": [0, 100],
      "width": 1920,
      "heigh": 980,
      "backgroundVisible": false
    }
  ]
}
