<?xml version="1.0" encoding="utf-8" ?>
<component name="LoadingIndicator" extends="mv_BaseView">
    <interface>
        <field id="imageUri" type="string" alias="image.uri" value="pkg:/images/loader.png" />
        <field id="spinInterval" type="time" alias="rotationAnimation.duration" value="3" />
        <field id="text" alias="text.text" value="Loading..." />
        <field id="imageHeight" alias="image.height" value="108" />
        <field id="imageWidth" alias="image.width" value="108" />
        <field id="backgroundColor" type="color" alias="background.color" value="#1A202C" />
        <field id="backgroundVisible" alias="background.visible" />
        <field id="textColor" type="color" alias="text.color" value="#4C51BF" />
        <field id="spacing" type="float" value="100" />
        <field id="width" type="float" onChange="updateLayout" />
        <field id="height" type="float" onChange="updateLayout" />
        <field id="state" type="string" />
        <field id="isActive" type="boolean" value="false" onChange="onIsActiveChange" />
        <field id="control" type="string" onChange="onControlChange" />
        <field id="fadeInterval" type="time" value="0.25" />
    </interface>
    <script type="text/brightscript" uri="pkg:/components/LoadingIndicator.brs" />
    <children>
        <Group id="loadingIndicatorGroup">
            <mv_Rectangle id="background" />
            <Group id="loadingGroup">
                <mv_Poster id="image" width="108" height="108">
                    <Animation id="rotationAnimation" repeat="true" easeFunction="linear">
                        <FloatFieldInterpolator id="rotationAnimationInterpolator" key="[1, 0]" keyValue="[0, -6.283]" fieldToInterp="image.rotation" />
                    </Animation>
                </mv_Poster>
                <mv_Label id="text" height="30" text="Loading..." width="500" vertAlign="center" horizAlign="center" font="font:LargeSystemFont" />
            </Group>
            <Animation id="fadeAnimation" repeat="false" easeFunction="linear">
                <FloatFieldInterpolator keyValue="[1, 0]" key="[0, 1]" fieldToInterp="loadingIndicatorGroup.opacity" />
            </Animation>
        </Group>
    </children>
</component>
