{
  "views": [
    {
      "_type": "mv_Rectangle",
      "size": [1920, 300],
      "color": "~colors.background.red"
    },
    {
        "_type": "mv_Poster",
        "size": [1920, 300],
        "translation": [0, 0],
        "loadSync": false,
        "loadDisplayMode": "scaleToFit",
        "loadWidth": 1920,
        "loadHeight": 300,
        "uri": "https://i0.wp.com/fuelwar.co.za/wp-content/uploads/2018/10/art-of-fighting-quote-700.jpg?resize=1920%2C361"
    },
    {
      "id": "menu",
      "_type": "mv_ControlsGroup",
      "translation": [1000, 150],
      "layoutMode": "horiz",
      "keyDirection": "horiz",
      "itemSpacings": [40],
      "observe": {
        "selectedIndex": "onMenuItemChange"
      },
      "_initializeAfterCreatingChildren": true,
      "_children": [
        {
          "_type": "mv_Button",
          "text": "Day -1",
          "autoSize": true
        },
        {
          "_type": "mv_Button",
          "text": "Day +1",
          "autoSize": true
        }
      ]
    }
  ]
}
