<?xml version="1.0" encoding="UTF-8" ?>
<component name="AppController" extends="mv_BaseView">
    <interface>
        <field id="isFirstLoadComplete" type="boolean" />
        <field id="state" type="string" alwaysNotify="true" />
        <field id="originSelection" type="node" />
        <function name="setFocusOnContent" />
        <function name="onExecuteSelection" />
        <function name="onDebugMChange" />
        <function name="onSyncMChange" />
        <function name="getInstance" />
        <function name="_apply" />
        <function name="createFragment" />
    </interface>
    <script type="text/brightscript" uri="pkg:/components/maestro/generated/AppController.brs" />
    <script type="text/brightscript" uri="pkg:/source/main/AppController.brs" />
    <script type="text/brightscript" uri="pkg:/source/view/BaseScreen.brs" />
    <script type="text/brightscript" uri="pkg:/source/view/BaseView.brs" />
    <script type="text/brightscript" uri="pkg:/source/view/NodeClass.brs" />
    <script type="text/brightscript" uri="pkg:/source/core/Tasks.brs" />
    <script type="text/brightscript" uri="pkg:/source/core/Collections.brs" />
    <script type="text/brightscript" uri="pkg:/source/core/BaseClass.brs" />
    <script type="text/brightscript" uri="pkg:/source/view/BaseAppController.brs" />
    <script type="text/brightscript" uri="pkg:/source/core/Registry.brs" />
    <script type="text/brightscript" uri="pkg:/source/core/Serialization.brs" />
    <children />
</component>
