<?xml version="1.0" encoding="UTF-8" ?>
<component name="ComplexRowEfficient" extends="ml_BaseRow">
    <interface>
    </interface>
    <script type="text/brightscript" uri="pkg:/components/maestro/generated/ComplexRowEfficient.brs" />
    <script type="text/brightscript" uri="pkg:/source/rows/ComplexRowEfficient.brs" />
    <script type="text/brightscript" uri="pkg:/source/ml/ItemFocusManager.brs" />
    <script type="text/brightscript" uri="pkg:/source/ml/ListDelegateManager.brs" />
    <script type="text/brightscript" uri="pkg:/source/ml/FocusIndicatorManager.brs" />
    <children />
</component>
