<?xml version="1.0" encoding="UTF-8" ?>
<component name="HeroCellEfficient" extends="ml_BaseCell">
    <interface>
    </interface>
    <script type="text/brightscript" uri="pkg:/components/maestro/generated/HeroCellEfficient.brs" />
    <script type="text/brightscript" uri="pkg:/source/cells/HeroCellEfficient.brs" />
    <script type="text/brightscript" uri="pkg:/source/view/Animation.brs" />
    <script type="text/brightscript" uri="pkg:/source/core/Tasks.brs" />
    <script type="text/brightscript" uri="pkg:/source/core/Collections.brs" />
    <script type="text/brightscript" uri="pkg:/source/core/BaseClass.brs" />
    <children />
</component>
