<?xml version="1.0" encoding="UTF-8" ?>
<component name="Item" extends="ContentNode">
    <interface>
        <field id="json" type="assocarray" />
        <field id="version" type="integer" />
        <field id="type" type="string" />
        <field id="isSerializable" type="boolean" />
        <function name="toString" />
        <function name="serialize" />
        <function name="deserialize" />
    </interface>
    <script type="text/brightscript" uri="pkg:/components/maestro/generated/Item.brs" />
    <script type="text/brightscript" uri="pkg:/source/models/Item.brs" />
    <script type="text/brightscript" uri="pkg:/source/core/Utils.brs" />
    <script type="text/brightscript" uri="pkg:/source/roku_modules/log/LogMixin.brs" />
    <script type="text/brightscript" uri="pkg:/source/core/Types-Polyfill.brs" />
    <script type="text/brightscript" uri="pkg:/source/core/Global.brs" />
    <script type="text/brightscript" uri="pkg:/source/roku_modules/rokucommunity_bslib/bslib.brs" />
    <children />
</component>
