<?xml version="1.0" encoding="UTF-8" ?>
<component name="MainScene" extends="Scene">
    <interface>
        <field id="_rLog" type="node" />
        <field id="_appController" type="node" />
        <field id="_global" type="node" />
        <field id="__debugM" type="boolean" />
        <field id="state" type="string" />
        <function name="begin" />
        <function name="onDebugMChange" />
        <function name="onSyncMChange" />
        <function name="getInstance" />
        <function name="_apply" />
        <function name="createFragment" />
    </interface>
    <script type="text/brightscript" uri="pkg:/components/maestro/generated/MainScene.brs" />
    <script type="text/brightscript" uri="pkg:/source/main/MainScene.brs" />
    <script type="text/brightscript" uri="pkg:/source/view/NodeClass.brs" />
    <script type="text/brightscript" uri="pkg:/source/core/Utils.brs" />
    <script type="text/brightscript" uri="pkg:/source/roku_modules/log/LogMixin.brs" />
    <script type="text/brightscript" uri="pkg:/source/core/Types-Polyfill.brs" />
    <script type="text/brightscript" uri="pkg:/source/core/Global.brs" />
    <script type="text/brightscript" uri="pkg:/source/core/Tasks.brs" />
    <script type="text/brightscript" uri="pkg:/source/core/Collections.brs" />
    <script type="text/brightscript" uri="pkg:/source/core/BaseClass.brs" />
    <script type="text/brightscript" uri="pkg:/source/view/ViewUtils.brs" />
    <script type="text/brightscript" uri="pkg:/source/core/MIOC.brs" />
    <script type="text/brightscript" uri="pkg:/source/view/Animation.brs" />
    <script type="text/brightscript" uri="pkg:/components/view/mixin/FocusMixin.brs" />
    <script type="text/brightscript" uri="pkg:/source/roku_modules/rokucommunity_bslib/bslib.brs" />
    <children />
</component>
