<?xml version="1.0" encoding="UTF-8" ?>
<component name="mc_DeeplinkingArgs" extends="Node">
    <interface>
        <field id="mediaType" type="string" />
        <field id="contentId" type="string" />
        <function name="configure" />
        <function name="getAction" />
    </interface>
    <script type="text/brightscript" uri="pkg:/components/maestro/generated/mc_DeeplinkingArgs.brs" />
    <script type="text/brightscript" uri="pkg:/source/core/DeeplinkingArgs.brs" />
    <script type="text/brightscript" uri="pkg:/source/roku_modules/log/LogMixin.brs" />
    <script type="text/brightscript" uri="pkg:/source/roku_modules/rokucommunity_bslib/bslib.brs" />
    <children />
</component>
