<?xml version="1.0" encoding="UTF-8" ?>
<component name="mc_Map" extends="Node">
    <interface>
        <field id="length" type="integer" />
        <field id="isSerializable" type="boolean" />
        <field id="_debug" type="boolean" />
        <field id="__contents" type="assocarray" />
        <function name="clear" />
        <function name="remove" />
        <function name="set" />
        <function name="append" />
        <function name="get" />
        <function name="hasKey" />
        <function name="getAA" />
        <function name="getValues" />
        <function name="getKeys" />
        <function name="serialize" />
        <function name="deserialize" />
    </interface>
    <script type="text/brightscript" uri="pkg:/components/maestro/generated/mc_Map.brs" />
    <script type="text/brightscript" uri="pkg:/source/core/Map.brs" />
    <script type="text/brightscript" uri="pkg:/source/roku_modules/log/LogMixin.brs" />
    <script type="text/brightscript" uri="pkg:/source/core/Serialization.brs" />
    <script type="text/brightscript" uri="pkg:/source/core/Utils.brs" />
    <script type="text/brightscript" uri="pkg:/source/core/Types-Polyfill.brs" />
    <script type="text/brightscript" uri="pkg:/source/core/Global.brs" />
    <script type="text/brightscript" uri="pkg:/source/roku_modules/rokucommunity_bslib/bslib.brs" />
    <children />
</component>
