<?xml version="1.0" encoding="UTF-8" ?>
<component name="mc_NotificationCenter" extends="Node">
    <interface>
        <field id="state" type="string" />
        <function name="addObserver" />
        <function name="removeObserver" />
        <function name="send" />
        <function name="_apply" />
        <function name="createFragment" />
    </interface>
    <script type="text/brightscript" uri="pkg:/components/maestro/generated/mc_NotificationCenter.brs" />
    <script type="text/brightscript" uri="pkg:/source/core/NotificationCenter.brs" />
    <script type="text/brightscript" uri="pkg:/source/core/Utils.brs" />
    <script type="text/brightscript" uri="pkg:/source/roku_modules/log/LogMixin.brs" />
    <script type="text/brightscript" uri="pkg:/source/core/Types-Polyfill.brs" />
    <script type="text/brightscript" uri="pkg:/source/core/Global.brs" />
    <script type="text/brightscript" uri="pkg:/source/core/BaseClass.brs" />
    <script type="text/brightscript" uri="pkg:/source/view/ViewUtils.brs" />
    <script type="text/brightscript" uri="pkg:/source/core/Tasks.brs" />
    <script type="text/brightscript" uri="pkg:/source/core/Collections.brs" />
    <script type="text/brightscript" uri="pkg:/source/roku_modules/rokucommunity_bslib/bslib.brs" />
    <children />
</component>
