<?xml version="1.0" encoding="UTF-8" ?>
<component name="mc_RequestTask" extends="Task">
    <interface>
        <field id="args" type="assocarray" />
        <field id="output" type="assocarray" />
        <function name="exec" />
    </interface>
    <script type="text/brightscript" uri="pkg:/source/roku_modules/maestro/private/MaestroPluginUtils.brs" />
    <script type="text/brightscript" uri="pkg:/components/maestro/generated/mc_RequestTask.brs" />
    <script type="text/brightscript" uri="pkg:/source/core/RequestTask.brs" />
    <script type="text/brightscript" uri="pkg:/source/roku_modules/log/LogMixin.brs" />
    <script type="text/brightscript" uri="pkg:/source/core/Utils.brs" />
    <script type="text/brightscript" uri="pkg:/source/core/Types-Polyfill.brs" />
    <script type="text/brightscript" uri="pkg:/source/core/Global.brs" />
    <script type="text/brightscript" uri="pkg:/source/core/Request.brs" />
    <script type="text/brightscript" uri="pkg:/source/core/QueryStringBuilder.brs" />
    <script type="text/brightscript" uri="pkg:/source/core/NetResult.brs" />
    <script type="text/brightscript" uri="pkg:/source/roku_modules/rokucommunity_bslib/bslib.brs" />
    <children />
</component>
