<?xml version="1.0" encoding="UTF-8" ?>
<component name="ml_BaseCell" extends="Group">
    <interface>
        <field id="index" type="integer" />
        <field id="__debugM" type="boolean" />
        <field id="initialState" type="assocarray" />
        <field id="isInViewPort" type="boolean" />
        <field id="listEvent" type="assocarray" />
        <field id="contentVersion" type="integer" />
        <field id="content" type="node" />
        <function name="recycle" />
        <function name="forceUpdate" />
        <function name="onDebugMChange" />
        <function name="_apply" />
    </interface>
    <script type="text/brightscript" uri="pkg:/components/maestro/generated/ml_BaseCell.brs" />
    <script type="text/brightscript" uri="pkg:/source/ml/cells/BaseCell.brs" />
    <script type="text/brightscript" uri="pkg:/source/view/ViewUtils.brs" />
    <script type="text/brightscript" uri="pkg:/source/core/Utils.brs" />
    <script type="text/brightscript" uri="pkg:/source/roku_modules/log/LogMixin.brs" />
    <script type="text/brightscript" uri="pkg:/source/core/Types-Polyfill.brs" />
    <script type="text/brightscript" uri="pkg:/source/core/Global.brs" />
    <script type="text/brightscript" uri="pkg:/source/roku_modules/rokucommunity_bslib/bslib.brs" />
    <children />
</component>
