<?xml version="1.0" encoding="UTF-8" ?>
<component name="ml_GridRow" extends="ml_BaseRow">
    <interface>
        <function name="onFlowFocusFraction" />
    </interface>
    <script type="text/brightscript" uri="pkg:/components/maestro/generated/ml_GridRow.brs" />
    <script type="text/brightscript" uri="pkg:/source/ml/GridRow.brs" />
    <script type="text/brightscript" uri="pkg:/source/ml/GridRowItemViewManager.brs" />
    <script type="text/brightscript" uri="pkg:/source/ml/GridRowItemScroller.brs" />
    <script type="text/brightscript" uri="pkg:/source/roku_modules/rokucommunity_bslib/bslib.brs" />
    <children />
</component>
