<?xml version="1.0" encoding="UTF-8" ?>
<component name="ml_List" extends="mv_BaseView">
    <interface>
        <field id="content" type="node" />
        <field id="delegate" type="node" />
        <field id="_isRenderingUpdate" type="boolean" />
        <field id="_timeSinceLastKeypress" type="integer" />
        <field id="_repeatKeyPressCount" type="integer" />
        <field id="state" type="string" alwaysNotify="true" />
        <field id="width" type="integer" />
        <field id="height" type="integer" />
        <field id="isHidden" type="boolean" alwaysNotify="true" />
        <field id="_updateNow" type="boolean" />
        <field id="_forceReloadListWhenPressingOption" type="boolean" />
        <field id="isScrolling" type="boolean" />
        <field id="screenOffset" type="integer" />
        <field id="scrollDirection" type="integer" />
        <field id="focusedRowIndex" type="integer" />
        <field id="focusedSubRowIndex" type="integer" />
        <field id="focusedCellIndex" type="integer" />
        <field id="focusedfraction" type="float" />
        <field id="focusIndicatorManager" type="node" />
        <field id="nextFocusIndex" type="array" />
        <field id="screenPos" type="integer" />
        <field id="nextScreenPos" type="integer" />
        <function name="setContent" />
        <function name="synchronizeContent" />
        <function name="onUpdateNow" />
        <function name="forceUpdate" />
        <function name="getRow" />
        <function name="getItem" />
        <function name="moveToEnd" />
        <function name="moveToRow" />
        <function name="moveToRowItemIndex" />
        <function name="moveToSubRowIndex" />
        <function name="setUpdatesEnabled" />
        <function name="getRowRenderer" />
        <function name="getCellRenderer" />
        <function name="getFocusedRow" />
        <function name="getFocusedCell" />
        <function name="getFocusedRowContent" />
        <function name="getFocusedCellContent" />
        <function name="_setIndices" />
        <function name="onFlowFocusFraction" />
        <function name="onDebugMChange" />
        <function name="onSyncMChange" />
        <function name="getInstance" />
        <function name="_apply" />
        <function name="createFragment" />
    </interface>
    <script type="text/brightscript" uri="pkg:/components/maestro/generated/ml_List.brs" />
    <script type="text/brightscript" uri="pkg:/source/ml/List.brs" />
    <script type="text/brightscript" uri="pkg:/source/view/BaseView.brs" />
    <script type="text/brightscript" uri="pkg:/source/view/NodeClass.brs" />
    <script type="text/brightscript" uri="pkg:/source/core/Tasks.brs" />
    <script type="text/brightscript" uri="pkg:/source/core/Collections.brs" />
    <script type="text/brightscript" uri="pkg:/source/core/BaseClass.brs" />
    <script type="text/brightscript" uri="pkg:/source/view/Animation.brs" />
    <script type="text/brightscript" uri="pkg:/source/ml/ListMixin.brs" />
    <script type="text/brightscript" uri="pkg:/source/ml/ListItemViewManager.brs" />
    <script type="text/brightscript" uri="pkg:/source/ml/ListContentManager.brs" />
    <script type="text/brightscript" uri="pkg:/source/ml/ListItemScroller.brs" />
    <script type="text/brightscript" uri="pkg:/source/ml/ViewPortEventNotifier.brs" />
    <script type="text/brightscript" uri="pkg:/source/ml/ItemViewManager.brs" />
    <script type="text/brightscript" uri="pkg:/source/ml/ItemScroller.brs" />
    <script type="text/brightscript" uri="pkg:/source/ml/FocusIndicatorConfig.brs" />
    <script type="text/brightscript" uri="pkg:/source/ml/CommonListApi.brs" />
    <script type="text/brightscript" uri="pkg:/source/ml/CellInfo.brs" />
    <script type="text/brightscript" uri="pkg:/source/core/DebugTimer.brs" />
    <children />
</component>
