<?xml version="1.0" encoding="UTF-8" ?>
<component name="ml_RowHeader" extends="Group">
    <interface>
        <field id="height" type="float" />
        <field id="width" type="float" />
        <function name="setContent" />
    </interface>
    <script type="text/brightscript" uri="pkg:/components/maestro/generated/ml_RowHeader.brs" />
    <script type="text/brightscript" uri="pkg:/source/ml/RowHeader.brs" />
    <script type="text/brightscript" uri="pkg:/source/ml/ListMixin.brs" />
    <script type="text/brightscript" uri="pkg:/source/core/Utils.brs" />
    <script type="text/brightscript" uri="pkg:/source/roku_modules/log/LogMixin.brs" />
    <script type="text/brightscript" uri="pkg:/source/core/Types-Polyfill.brs" />
    <script type="text/brightscript" uri="pkg:/source/core/Global.brs" />
    <script type="text/brightscript" uri="pkg:/source/roku_modules/rokucommunity_bslib/bslib.brs" />
    <children />
</component>
