<?xml version="1.0" encoding="UTF-8" ?>
<component name="mv_BaseCell" extends="Group">
    <interface>
        <field id="itemContent" type="node" alwaysNotify="true" />
        <field id="index" type="integer" />
        <field id="rowIndex" type="integer" />
        <field id="focusPercent" type="float" />
        <field id="rowHasFocus" type="boolean" />
        <field id="rowListHasFocus" type="boolean" />
        <field id="rowFocusPercent" type="float" />
        <function name="createFragment" />
    </interface>
    <script type="text/brightscript" uri="pkg:/components/maestro/generated/mv_BaseCell.brs" />
    <script type="text/brightscript" uri="pkg:/source/view/BaseCell.brs" />
    <script type="text/brightscript" uri="pkg:/source/view/ViewUtils.brs" />
    <script type="text/brightscript" uri="pkg:/source/core/Utils.brs" />
    <script type="text/brightscript" uri="pkg:/source/roku_modules/log/LogMixin.brs" />
    <script type="text/brightscript" uri="pkg:/source/core/Types-Polyfill.brs" />
    <script type="text/brightscript" uri="pkg:/source/core/Global.brs" />
    <script type="text/brightscript" uri="pkg:/source/roku_modules/rokucommunity_bslib/bslib.brs" />
    <children />
</component>
