<?xml version="1.0" encoding="UTF-8" ?>
<component name="mv_DeveloperScreen" extends="mv_BaseScreen">
    <interface>
        <function name="onButtonGroupSelectedChange" />
        <function name="onKeyPressLeft" />
        <function name="onKeyPressRight" />
        <function name="onKeyPressOptions" />
        <function name="onExecuteSelection" />
        <function name="onDebugMChange" />
        <function name="onSyncMChange" />
        <function name="getInstance" />
        <function name="_apply" />
        <function name="createFragment" />
    </interface>
    <script type="text/brightscript" uri="pkg:/components/maestro/generated/mv_DeveloperScreen.brs" />
    <script type="text/brightscript" uri="pkg:/source/view/debug/DeveloperScreen.brs" />
    <script type="text/brightscript" uri="pkg:/source/view/BaseAppController.brs" />
    <script type="text/brightscript" uri="pkg:/source/view/BaseScreen.brs" />
    <script type="text/brightscript" uri="pkg:/source/view/BaseView.brs" />
    <script type="text/brightscript" uri="pkg:/source/view/NodeClass.brs" />
    <script type="text/brightscript" uri="pkg:/source/core/Utils.brs" />
    <script type="text/brightscript" uri="pkg:/source/roku_modules/log/LogMixin.brs" />
    <script type="text/brightscript" uri="pkg:/source/core/Global.brs" />
    <script type="text/brightscript" uri="pkg:/source/core/Tasks.brs" />
    <script type="text/brightscript" uri="pkg:/source/core/Collections.brs" />
    <script type="text/brightscript" uri="pkg:/source/core/BaseClass.brs" />
    <script type="text/brightscript" uri="pkg:/source/view/ViewUtils.brs" />
    <script type="text/brightscript" uri="pkg:/source/core/MIOC.brs" />
    <script type="text/brightscript" uri="pkg:/components/view/mixin/FocusMixin.brs" />
    <script type="text/brightscript" uri="pkg:/source/view/Animation.brs" />
    <script type="text/brightscript" uri="pkg:/source/core/Registry.brs" />
    <script type="text/brightscript" uri="pkg:/source/core/Serialization.brs" />
    <script type="text/brightscript" uri="pkg:/source/core/Date.brs" />
    <children />
</component>
