<?xml version="1.0" encoding="UTF-8" ?>
<component name="mv_StyleManager" extends="Node">
    <interface>
        <field id="_styles" type="assocarray" />
        <field id="_liveStyleDebugging" type="boolean" alwaysNotify="true" />
        <field id="updateDebugStyles" type="boolean" alwaysNotify="true" />
        <field id="__debugM" type="boolean" />
        <field id="state" type="string" />
        <function name="setDefaultLocale" />
        <function name="setStyleJson" />
        <function name="addStyles" />
        <function name="addStyle" />
        <function name="loadBundle" />
        <function name="getStyle" />
        <function name="getStyleValue" />
        <function name="onDebugMChange" />
        <function name="onSyncMChange" />
        <function name="getInstance" />
        <function name="_apply" />
        <function name="createFragment" />
    </interface>
    <script type="text/brightscript" uri="pkg:/components/maestro/generated/mv_StyleManager.brs" />
    <script type="text/brightscript" uri="pkg:/source/view/StyleManager.brs" />
    <script type="text/brightscript" uri="pkg:/source/view/NodeClass.brs" />
    <script type="text/brightscript" uri="pkg:/source/core/Utils.brs" />
    <script type="text/brightscript" uri="pkg:/source/roku_modules/log/LogMixin.brs" />
    <script type="text/brightscript" uri="pkg:/source/core/Types-Polyfill.brs" />
    <script type="text/brightscript" uri="pkg:/source/core/Global.brs" />
    <script type="text/brightscript" uri="pkg:/source/core/Tasks.brs" />
    <script type="text/brightscript" uri="pkg:/source/core/Collections.brs" />
    <script type="text/brightscript" uri="pkg:/source/core/BaseClass.brs" />
    <script type="text/brightscript" uri="pkg:/source/view/ViewUtils.brs" />
    <script type="text/brightscript" uri="pkg:/source/core/MIOC.brs" />
    <script type="text/brightscript" uri="pkg:/source/core/JsonCombiner.brs" />
    <script type="text/brightscript" uri="pkg:/source/core/DebugTimer.brs" />
    <script type="text/brightscript" uri="pkg:/source/roku_modules/rokucommunity_bslib/bslib.brs" />
    <children />
</component>
