<?xml version="1.0" encoding="UTF-8" ?>
<component name="RowListCellForMaestroList" extends="ml_BaseCell">
    <interface>
        <field id="trackingId" type="string" />
    </interface>
    <script type="text/brightscript" uri="pkg:/components/maestro/generated/RowListCellForMaestroList.brs" />
    <script type="text/brightscript" uri="pkg:/source/debug-screens/list/RowListCellForMaestroList.brs" />
    <script type="text/brightscript" uri="pkg:/source/view/BaseView.brs" />
    <script type="text/brightscript" uri="pkg:/source/view/NodeClass.brs" />
    <script type="text/brightscript" uri="pkg:/source/core/Tasks.brs" />
    <script type="text/brightscript" uri="pkg:/source/core/Collections.brs" />
    <script type="text/brightscript" uri="pkg:/source/core/BaseClass.brs" />
    <script type="text/brightscript" uri="pkg:/source/core/MIOC.brs" />
    <script type="text/brightscript" uri="pkg:/components/view/mixin/FocusMixin.brs" />
    <script type="text/brightscript" uri="pkg:/source/ml/RowItemViewManager.brs" />
    <script type="text/brightscript" uri="pkg:/source/ml/ItemViewManager.brs" />
    <script type="text/brightscript" uri="pkg:/source/ml/ListMixin.brs" />
    <script type="text/brightscript" uri="pkg:/source/ml/ItemScroller.brs" />
    <script type="text/brightscript" uri="pkg:/source/view/Animation.brs" />
    <script type="text/brightscript" uri="pkg:/source/ml/ViewPortEventNotifier.brs" />
    <script type="text/brightscript" uri="pkg:/source/core/DebugTimer.brs" />
    <script type="text/brightscript" uri="pkg:/source/ml/ListItemViewManager.brs" />
    <script type="text/brightscript" uri="pkg:/source/ml/ListContentManager.brs" />
    <script type="text/brightscript" uri="pkg:/source/ml/ListItemScroller.brs" />
    <script type="text/brightscript" uri="pkg:/source/ml/CellInfo.brs" />
    <script type="text/brightscript" uri="pkg:/source/ml/List.brs" />
    <script type="text/brightscript" uri="pkg:/source/ml/FocusIndicatorConfig.brs" />
    <script type="text/brightscript" uri="pkg:/source/ml/CommonListApi.brs" />
    <script type="text/brightscript" uri="pkg:/source/ml/RowItemScroller.brs" />
    <children />
</component>
