<?xml version="1.0" encoding="UTF-8" ?>
<component name="WaitTask" extends="Task">
    <interface>
        <field id="args" type="assocarray" />
        <field id="output" type="assocarray" />
        <function name="exec" />
    </interface>
    <script type="text/brightscript" uri="pkg:/source/roku_modules/maestro/private/MaestroPluginUtils.brs" />
    <script type="text/brightscript" uri="pkg:/components/maestro/generated/WaitTask.brs" />
    <script type="text/brightscript" uri="pkg:/source/Tasks/WaitTask.brs" />
    <script type="text/brightscript" uri="pkg:/source/roku_modules/log/LogMixin.brs" />
    <script type="text/brightscript" uri="pkg:/source/core/Result.brs" />
    <script type="text/brightscript" uri="pkg:/source/roku_modules/rokucommunity_bslib/bslib.brs" />
    <children />
</component>
