{
  "version": "0.0.1",
  "colors": {
    "background": {
      "normal": "#000000",
      "light": "#aaaaaa",
      "dark": "#111111",
      "red": "#AC4731",
      "darkPurple": "#662D91"
    },
    "general": {
      "red": "#ff0000",
      "ligh-red": "#aa0000",
      "blue": "#0000ff",
      "light-blue": "#0000aa",
      "black": "#000000",
      "dark": "#555555",
      "white": "#ffffff",
      "green": "#00ff00",
      "grey": "#aaaaaa"
    }
  },
  "fonts": {
    "title-00": "mediumBold,14",
    "title-01": "mediumBold,16",
    "title-02": "mediumBold,20",
    "title-03": "mediumBold,24",
    "title-04": "mediumBold,28",
    "title-05": "mediumBold,32",
    "title-06": "mediumBold,40",
    "caption": "medium,12",
    "body-00": "medium,14",
    "body-01": "medium,16",
    "body-02": "medium,20",
    "body-03": "medium,24",
    "body-04": "medium,27",
    "body-05": "medium,32",
    "body-06": "medium,40"
  }
}
