{
  "views": [
    {
      "id": "bgRect",
      "_type": "mv_Rectangle",
      "size": [1920, 1080],
      "color": "#6a307d"
    },
    {
      "id": "mainGroup",
      "_type": "mv_ControlsGroup",
      "keyDirection": "horiz",
      "translation": [100, 300],
      "layoutMode": "horiz",
      "_children": [
        {
          "id": "group1",
          "_type": "mv_ControlsGroup",
          "layoutMode": "vert",
          "_children": [
            {
              "id": "button1",
              "_type": "mv_Button",
              "text": "Button 1"
            },
            {
              "id": "button2",
              "_type": "mv_Button",
              "text": "Button 2"
            }
          ]
        },
        {
          "id": "group2",
          "_type": "mv_ControlsGroup",
          "layoutMode": "vert",
          "translation": [1000, 300],
          "_children": [
            {
              "id": "button3",
              "_type": "mv_Button",
              "text": "Button 3"
            },
            {
              "id": "button4",
              "_type": "mv_Button",
              "text": "Button 4"
            }
          ]
        }
      ]
    },
    {
      "id": "focusTrap",
      "_type": "mv_Button",
      "text": "FOCUS TRAP"
    }
  ]
}
