{
    "views": [
      {
        "_type": "mv_Rectangle",
        "size": [1920, 1080],
        "color": "~colors.background.darkPurple"
      },
      {
        "id": "bgRect",
        "_type": "mv_Rectangle",
        "translation": [0, 0],
        "color": "#6a307d"
      },
      {
        "id": "buttons",
        "_type": "mv_ControlsGroup",
        "translation": [200, 50],
        "layoutMode": "horiz",
        "keyDirection": "horiz",
        "itemSpacings": [40],
        "observe": {
          "selectedIndex": "onButtonIndexChange"
        },
        "_initializeAfterCreatingChildren": true,
        "_children": [
          {
            "id": "resetButton",
            "_type": "mv_Button",
            "text": "Reset",
            "autoSize": true
          },
          {
            "id": "reloadTodayButton",
            "_type": "mv_Button",
            "text": "Reload day 0",
            "autoSize": true
          },
          {
            "id": "moveItemUpButton",
            "_type": "mv_Button",
            "text": "Item Up",
            "autoSize": true
          },
          {
            "id": "moveItemDownButton",
            "_type": "mv_Button",
            "text": "Item Down",
            "autoSize": true
          },
          {
            "id": "useGridButton",
            "_type": "mv_Button",
            "text": "Use: grids",
            "autoSize": true
          }
        ]
      }
    ]
  }
