{
    "views": [
      {
        "_type": "mv_Rectangle",
        "size": [1920, 1080],
        "color": "~colors.general.grey"
      },
      {
        "id": "controlsGroup",
        "_type": "mv_ControlsGroup",
        "translation": [100, 200],
        "layoutMode": "vert",
        "keyDirection": "vert",
        "itemSpacings": [40],
        "observe": {
          "selectedIndex": "onButtonIndexChange"
        },
        "_initializeAfterCreatingChildren": true,
        "_children": [
          {
            "id": "textInput1",
            "_type": "mv_TextInput",
            "styleKey": "textInputScreen.inputs.normal",
            "_dataMap": {
              "text": "json.text",
              "hintText": "json.hintText",
              "subText": "json.subText",
              "errorText": "json.errorText"
            }
          },
          {
            "id": "textInput2",
            "_type": "mv_TextInput",
            "styleKey": "textInputScreen.inputs.normal",
            "subText": "longer sub text that a bit longer and wraps on the next line",
            "text": "Regular",
            "hintText": "Hint",
            "errorText": "error message",
            "validatorType": "numeric"
          },
          {
            "id": "textInput3",
            "_type": "mv_TextInput",
            "styleKey": "textInputScreen.inputs.normal_with_image",
            "_dataMap": {
              "text": "json.text",
              "hintText": "json.hintText",
              "subText": "json.subText"
            }
          },
          {
            "id": "textInput4",
            "_type": "mv_TextInput",
            "styleKey": "textInputScreen.inputs.normal_with_image",
            "text": "Zipcode",
            "hintText": "",
            "subText": "Enter 5 digits",
            "validatorType": "numeric"
          },
          {
            "id": "textInput5",
            "_type": "mv_TextInput",
            "styleKey": "textInputScreen.inputs.input_box",
            "text": "Email",
            "hintText": "",
            "subText": "",
            "validatorType": "email"
          }
        ]
      }
    ],
    "$styles": {
        "textInputScreen": {
            "inputs": {
                  "normal": {
                    "$extends": "mv.TextInput.default",
                    "normal.label.color": "#000000",
                    "normal.inputImage.uri": "",
                    "focused.label.color": "#ffffff",
                    "error.label.color": "~colors.general.red",
                    "disabled.label.color": "~colors.general.grey",
                    "error.inputImage.uri": "pkg:/images/error.png"
                  },
                 "input_box": {
                    "$extends": "mv.TextInput.default",
                    "normal.label.color": "#a9a9a9",
                    "normal.subTextLabel.color": "#000000",
                    "normal.backgroundColor.size": [400, 50],
                    "normal.inputImage.uri": "",
                    "focused.backgroundColor.size": [400, 50],
                    "error.inputImage.uri": "pkg:/images/error.png",
                    "error.label.color": "~colors.general.red"
                  },
                  "normal_with_image": {
                    "$extends": "mv.TextInput.default",
                    "normal.label.color": "#000000",
                    "normal.inputImage.uri": "pkg:/images/small-star-fhd.png",
                    "focused.label.color": "#ffffff",
                    "focused.inputImage.uri": "pkg:/images/small-star-highlighted-fhd.png",
                    "error.inputImage.uri": "pkg:/images/error.png",
                    "error.label.color": "~colors.general.red"
                  }
              }
          }
      }
  }



