<?xml version='1.0' encoding='utf-8' ?>
<component name='ml_GridRowSettings' extends='ml_RowSettings'>
    <interface>
        <field id='numColumns' type='integer' value='3' />
        <field id='numRows' type='integer' value='2' />
        <field id='rowHeight' type='integer' value='-1' />
        <field id='firstRowScreenPos' type='integer' value='0' />
        <field id='otherRowScreenPos' type='integer' value='0' />
        <field id='rowSpace' type='integer' value='0' />
    </interface>
    <script type="text/brightscript" uri="pkg:/source/roku_modules/rokucommunity_bslib/bslib.brs" />
</component>
