{
  "views": [
    {
      "id": "logoPoster",
      "_type": "mv_Poster",
      "uri": "pkg:/images/sign-in-logo-de-$$RES$$.png"
    },
    {
      "id": "titleLabel",
      "_type": "mv_Label",
      "text": "Einloggen"
    },
    {
      "id": "emailInput",
      "hintText": "E-Mail-Addresse"
    },
    {
      "id": "group",
      "_type": "mv_LayoutGroup",
      "_children": [
        {
          "id": "passwordInput",
          "hintText": "Passwort"
        },
        {
          "id": "forgotText",
          "_children": [
            {
              "id": "forgotText_1",
              "_type": "mv_Label",
              "text": "org.com/forgot-de"
            }
          ]
        },
        {
          "id": "createAccountButton",
          "size": [
            252,
            72
          ],
          "isHandlingSelection": false,
          "translation": [
            100,
            6200
          ],
          "text": "Benutzerkonto erstellen"
        }
      ]
    }
  ]
}