{
  "views": [
    {
      "id": "logoPoster",
      "size": [
        200,
        200
      ],
      "loadWidth": 200,
      "loadHeight": 200,
      "uri": "pkg:/images/sign-in-logo-fr-$$RES$$.png"
    },
    {
      "id": "titleLabel",
      "_type": "mv_Label",
      "size": [
        1000,
        64
      ],
      "translation": [
        100,
        276
      ],
      "text": "Entres si vous plais"
    },
    {
      "id": "emailInput",
      "hintText": "adresse e-mail"
    },
    {
      "id": "group",
      "_type": "mv_LayoutGroup",
      "_children": [
        {
          "id": "forgotText",
          "translation": [
            50,
            624
          ],
          "_children": [
            {
              "id": "forgotText_1",
              "_type": "mv_Label",
              "text": "org.com/forgot-fr"
            }
          ]
        },
        {
          "id": "passwordInput",
          "size": [
            400,
            72
          ],
          "hintText": "le mot de passe"
        },
        {
          "id": "signInButton",
          "size": [
            202,
            72
          ],
          "translation": [
            150,
            693
          ],
          "text": "s'identifier"
        },
        {
          "id": "createAccountButton",
          "size": [
            202,
            72
          ],
          "isHandlingSelection": false,
          "translation": [
            150,
            6200
          ],
          "text": "créer un compte"
        }
      ]
    }
  ]
}