{
  "views": [
    {
      "id": "logoPoster",
      "_type": "mv_Poster",
      "size": [
        137,
        80
      ],
      "translation": [
        203,
        80
      ],
      "loadSync": true,
      "loadDisplayMode": "limitSize",
      "loadWidth": 137,
      "loadHeight": 80,
      "uri": "pkg:/images/sign-in-logo-$$RES$$.png"
    },
    {
      "id": "titleLabel",
      "_type": "mv_Label",
      "size": [
        870,
        64
      ],
      "translation": [
        200,
        276
      ],
      "fontKey": "SystemBold,30",
      "color": "#000000",
      "horizAlign": "left",
      "vertAlign": "center",
      "text": "SIGN IN"
    },
    {
      "id": "emailInput",
      "_type": "mv_TextInput",
      "size": [
        610,
        102
      ],
      "isHandlingSelection": false,
      "translation": [
        200,
        380
      ],
      "hintText": "Email Address"
    },
    {
      "id": "group",
      "_type": "mv_LayoutGroup",
      "_children": [
        {
          "id": "passwordInput",
          "_type": "mv_TextInput",
          "size": [
            610,
            102
          ],
          "isHandlingSelection": false,
          "translation": [
            200,
            482
          ],
          "hintText": "Password"
        },
        {
          "id": "signInButton",
          "_type": "mv_Button",
          "size": [
            152,
            72
          ],
          "isHandlingSelection": false,
          "translation": [
            200,
            693
          ],
          "styleKey": "Button.onboarding",
          "text": "Sign In"
        },
        {
          "id": "createAccountButton",
          "_type": "mv_Button",
          "size": [
            259,
            72
          ],
          "isHandlingSelection": false,
          "translation": [
            392,
            693
          ],
          "styleKey": "Button.onboarding",
          "text": "Create Account"
        },
        {
          "id": "forgotText",
          "_type": "mv_LayoutGroup",
          "translation": [
            200,
            624
          ],
          "horizAlign": "left",
          "vertAlign": "center",
          "layoutDirection": "horiz",
          "_children": [
            {
              "size": [
                0,
                0
              ],
              "id": "forgotText_0",
              "_type": "mv_Label",
              "fontKey": "SystemBold,30",
              "color": "#000000",
              "text": "Please visit "
            },
            {
              "size": [
                0,
                0
              ],
              "id": "forgotText_1",
              "_type": "mv_Label",
              "fontKey": "SystemBold,30",
              "color": "#000000",
              "text": "org.com/forgot"
            },
            {
              "size": [
                0,
                0
              ],
              "id": "forgotText_2",
              "_type": "mv_Label",
              "fontKey": "SystemBold,30",
              "color": "#000000",
              "text": " "
            },
            {
              "size": [
                0,
                0
              ],
              "id": "forgotText_3",
              "_type": "mv_Label",
              "fontKey": "SystemBold,30",
              "color": "#000000",
              "text": "if you have forgotten your password"
            }
          ]
        },
        {
          "id": "loadingIndicator",
          "_type": "LoadingIndicator",
          "width": 1920,
          "height": 1080,
          "backgroundVisible": false,
          "text": "",
          "translation": [
            0,
            300
          ]
        }
      ]
    }
  ]
}